
DELETE FROM m_group WHERE 1=1;
INSERT INTO m_group(uuid,parent_uuid,level,group_code,group_name,delete_flg,create_user_id,create_date,modify_user_id,modify_date) VALUES 
 ('AAAAAAAA-0000-0000-0000-000000000001', NULL, 1, 'G1000', 'G1000-グループ', 0, 'TEST', CURRENT_TIMESTAMP, 'TEST', CURRENT_TIMESTAMP)
,('AAAAAAAA-0000-0000-0000-000000000002', NULL, 1, 'G2000', 'G2000-グループ', 0, 'TEST', CURRENT_TIMESTAMP, 'TEST', CURRENT_TIMESTAMP)
,('AAAAAAAA-0000-0000-0000-000000000003', NULL, 1, 'G2000', 'G2000-グループ', 0, 'TEST', CURRENT_TIMESTAMP, 'TEST', CURRENT_TIMESTAMP)
,('AAAAAAAA-0000-0000-0001-000000000001', 'AAAAAAAA-0000-0000-0000-000000000001', 2, 'G1001', 'G1001-プロジェクト', 0, 'TEST', CURRENT_TIMESTAMP, 'TEST', CURRENT_TIMESTAMP)
,('AAAAAAAA-0000-0000-0001-000000000002', 'AAAAAAAA-0000-0000-0000-000000000001', 2, 'G1002', 'G1002-プロジェクト', 0, 'TEST', CURRENT_TIMESTAMP, 'TEST', CURRENT_TIMESTAMP)
,('AAAAAAAA-0000-0000-0001-000000000003', 'AAAAAAAA-0000-0000-0000-000000000001', 2, 'G1003', 'G1003-プロジェクト', 1, 'TEST', CURRENT_TIMESTAMP, 'TEST', CURRENT_TIMESTAMP)
,('AAAAAAAA-0000-0000-0002-000000000001', 'AAAAAAAA-0000-0000-0000-000000000002', 2, 'G2001', 'G2001-プロジェクト', 0, 'TEST', CURRENT_TIMESTAMP, 'TEST', CURRENT_TIMESTAMP)
,('AAAAAAAA-0000-0000-0002-000000000002', 'AAAAAAAA-0000-0000-0000-000000000002', 2, 'G2002', 'G2002-プロジェクト', 0, 'TEST', CURRENT_TIMESTAMP, 'TEST', CURRENT_TIMESTAMP)
,('AAAAAAAA-0000-0000-0002-000000000003', 'AAAAAAAA-0000-0000-0000-000000000002', 2, 'G2003', 'G2003-プロジェクト', 0, 'TEST', CURRENT_TIMESTAMP, 'TEST', CURRENT_TIMESTAMP)
;

DELETE FROM m_login_user WHERE login_id <> 'admin';
INSERT INTO m_login_user (login_id,password,family_name,first_name,roles,delete_flg,create_user_id,create_date,modify_user_id,modify_date) VALUES 
 ('TEST001', '', '性001', '名001', 'ROLE_USER', 0, 'TEST', CURRENT_TIMESTAMP, 'TEST', CURRENT_TIMESTAMP)
,('TEST002', '', '性002', '名002', 'ROLE_USER', 1, 'TEST', CURRENT_TIMESTAMP, 'TEST', CURRENT_TIMESTAMP)
,('TEST003', '', '性003', '名003', 'ROLE_USER', 0, 'TEST', CURRENT_TIMESTAMP, 'TEST', CURRENT_TIMESTAMP)
,('TEST004', '', '性004', '名004', 'ROLE_USER', 0, 'TEST', CURRENT_TIMESTAMP, 'TEST', CURRENT_TIMESTAMP)
;

DELETE FROM t_responsible_person WHERE 1=1;
INSERT INTO t_responsible_person (group_uuid,login_id,create_user_id,create_date) VALUES 
 ('AAAAAAAA-0000-0000-0001-000000000001', 'TEST001', 'TEST' ,CURRENT_TIMESTAMP)
,('AAAAAAAA-0000-0000-0001-000000000001', 'TEST002', 'TEST' ,CURRENT_TIMESTAMP)
,('AAAAAAAA-0000-0000-0001-000000000001', 'TEST003', 'TEST' ,CURRENT_TIMESTAMP)
,('AAAAAAAA-0000-0000-0001-000000000001', 'TEST004', 'TEST' ,CURRENT_TIMESTAMP)
;

DELETE FROM t_favorites WHERE 1=1;
INSERT INTO t_favorites (login_id,group_uuid,create_user_id,create_date) VALUES 
 ('admin', 'AAAAAAAA-0000-0000-0001-000000000001', 'TEST', CURRENT_TIMESTAMP)
,('admin', 'AAAAAAAA-0000-0000-0001-000000000002', 'TEST', CURRENT_TIMESTAMP)
,('admin', 'AAAAAAAA-0000-0000-0001-000000000003', 'TEST', CURRENT_TIMESTAMP)
;



DELETE FROM t_auth WHERE 1=1;
INSERT INTO t_auth (login_id,group_uuid,role,create_user_id,create_date) VALUES 
 ('admin', 'AAAAAAAA-0000-0000-0001-000000000001', 'RW',  'TEST' ,CURRENT_TIMESTAMP)
,('admin', 'AAAAAAAA-0000-0000-0001-000000000002', 'RW',  'TEST' ,CURRENT_TIMESTAMP)
,('admin', 'AAAAAAAA-0000-0000-0001-000000000003', 'RW',  'TEST' ,CURRENT_TIMESTAMP)
,('admin', 'AAAAAAAA-0000-0000-0000-000000000001', 'RW',  'TEST' ,CURRENT_TIMESTAMP)
,('admin', 'AAAAAAAA-0000-0000-0000-000000000002', 'RW',  'TEST' ,CURRENT_TIMESTAMP)
,('admin', 'AAAAAAAA-0000-0000-0002-000000000001', 'RW',  'TEST' ,CURRENT_TIMESTAMP)
,('admin', 'AAAAAAAA-0000-0000-0002-000000000002', 'RW',  'TEST' ,CURRENT_TIMESTAMP)
,('admin', 'AAAAAAAA-0000-0000-0002-000000000003', 'RW',  'TEST' ,CURRENT_TIMESTAMP)
;


DELETE FROM t_task_bar WHERE 1=1;
INSERT INTO t_task_bar (uuid,group_uuid,task_name,progress,plan_period_from,plan_period_to,memo,handle_color,plan_color,result_color,delete_flg,create_user_id,create_date,modify_user_id,modify_date) VALUES 
 ('TTTTTTTT-0000-0000-0001-000000000001', 'AAAAAAAA-0000-0000-0001-000000000001', '要件定義'  ,1        ,SUBSTR(CURRENT_DATE,0,9) || '01', SUBSTR(CURRENT_DATE,0,9) || '03', 'メモ', '#FFFFA0', '#00FF00', '#0000FF', '0', 'TEST', CURRENT_TIMESTAMP, 'TEST', CURRENT_TIMESTAMP)
,('TTTTTTTT-0000-0000-0001-000000000002', 'AAAAAAAA-0000-0000-0001-000000000001', '基本設計作成'  ,1    ,SUBSTR(CURRENT_DATE,0,9) || '04', SUBSTR(CURRENT_DATE,0,9) || '08', 'メモ', '#FFFFA0', '#00FF00', '#0000FF', '0', 'TEST', CURRENT_TIMESTAMP, 'TEST', CURRENT_TIMESTAMP)
,('TTTTTTTT-0000-0000-0001-000000000003', 'AAAAAAAA-0000-0000-0001-000000000001', '詳細設計作成'  ,1    ,SUBSTR(CURRENT_DATE,0,9) || '07', SUBSTR(CURRENT_DATE,0,9) || '09', 'メモ', '#FFFFA0', '#00FF00', '#0000FF', '0', 'TEST', CURRENT_TIMESTAMP, 'TEST', CURRENT_TIMESTAMP)
,('TTTTTTTT-0000-0000-0001-000000000004', 'AAAAAAAA-0000-0000-0001-000000000001', '製造・機能A'      ,1 ,SUBSTR(CURRENT_DATE,0,9) || '10', SUBSTR(CURRENT_DATE,0,9) || '11', 'メモ', '#FFFFA0', '#00FF00', '#0000FF', '0', 'TEST', CURRENT_TIMESTAMP, 'TEST', CURRENT_TIMESTAMP)
,('TTTTTTTT-0000-0000-0001-000000000005', 'AAAAAAAA-0000-0000-0001-000000000001', '製造・機能B'      ,0 ,SUBSTR(CURRENT_DATE,0,9) || '12', SUBSTR(CURRENT_DATE,0,9) || '13', 'メモ', '#FFFFA0', '#00FF00', '#0000FF', '0', 'TEST', CURRENT_TIMESTAMP, 'TEST', CURRENT_TIMESTAMP)
,('TTTTTTTT-0000-0000-0001-000000000006', 'AAAAAAAA-0000-0000-0001-000000000001', '製造・機能C'      ,0.4 ,SUBSTR(CURRENT_DATE,0,9) || '14', SUBSTR(CURRENT_DATE,0,9) || '15', 'メモ', '#FFFFA0', '#00FF00', '#0000FF', '0', 'TEST', CURRENT_TIMESTAMP, 'TEST', CURRENT_TIMESTAMP)
,('TTTTTTTT-0000-0000-0001-000000000007', 'AAAAAAAA-0000-0000-0001-000000000001', '単体試験・機能A'  ,0.3 ,SUBSTR(CURRENT_DATE,0,9) || '12', SUBSTR(CURRENT_DATE,0,9) || '13', 'メモ', '#FFFFA0', '#00FF00', '#0000FF', '0', 'TEST', CURRENT_TIMESTAMP, 'TEST', CURRENT_TIMESTAMP)
,('TTTTTTTT-0000-0000-0001-000000000008', 'AAAAAAAA-0000-0000-0001-000000000001', '単体試験・機能B'  ,0 ,SUBSTR(CURRENT_DATE,0,9) || '14', SUBSTR(CURRENT_DATE,0,9) || '16', 'メモ', '#FFFFA0', '#00FF00', '#0000FF', '0', 'TEST', CURRENT_TIMESTAMP, 'TEST', CURRENT_TIMESTAMP)
,('TTTTTTTT-0000-0000-0001-000000000009', 'AAAAAAAA-0000-0000-0001-000000000001', '単体試験・機能C'  ,0.2 ,SUBSTR(CURRENT_DATE,0,9) || '16', SUBSTR(CURRENT_DATE,0,9) || '18', 'メモ', '#FFFFA0', '#00FF00', '#0000FF', '0', 'TEST', CURRENT_TIMESTAMP, 'TEST', CURRENT_TIMESTAMP)
,('TTTTTTTT-0000-0000-0001-000000000010', 'AAAAAAAA-0000-0000-0001-000000000001', '結合試験'  ,0        ,SUBSTR(CURRENT_DATE,0,9) || '19', SUBSTR(CURRENT_DATE,0,9) || '24', 'メモ', '#FFFFA0', '#00FF00', '#0000FF', '0', 'TEST', CURRENT_TIMESTAMP, 'TEST', CURRENT_TIMESTAMP)
,('TTTTTTTT-0000-0000-0001-000000000011', 'AAAAAAAA-0000-0000-0001-000000000001', '性能試験',0          ,SUBSTR(CURRENT_DATE,0,9) || '25', SUBSTR(CURRENT_DATE,0,9) || '28', 'メモ', '#FFFFA0', '#00FF00', '#0000FF', '0', 'TEST', CURRENT_TIMESTAMP, 'TEST', CURRENT_TIMESTAMP)
,('TTTTTTTT-0000-0000-0001-000000000012', 'AAAAAAAA-0000-0000-0001-000000000001', 'システム試験',0      ,SUBSTR(CURRENT_DATE,0,9) || '29', SUBSTR(CURRENT_DATE,0,9) || '29', 'メモ', '#FFFFA0', '#00FF00', '#0000FF', '0', 'TEST', CURRENT_TIMESTAMP, 'TEST', CURRENT_TIMESTAMP)
,('TTTTTTTT-0000-0000-0001-000000000013', 'AAAAAAAA-0000-0000-0001-000000000001', '顧客受入れ',0        ,SUBSTR(CURRENT_DATE,0,9) || '30', SUBSTR(CURRENT_DATE,0,9) || '30', 'メモ', '#FFFFA0', '#00FF00', '#0000FF', '0', 'TEST', CURRENT_TIMESTAMP, 'TEST', CURRENT_TIMESTAMP)
,('TTTTTTTT-0000-0000-0002-000000000001', 'AAAAAAAA-0000-0000-0001-000000000002', '要件定義'  ,0.5        ,SUBSTR(CURRENT_DATE,0,9) || '01', SUBSTR(CURRENT_DATE,0,9) || '03', 'メモ', '#FFFFA0', '#00FF00', '#0000FF', '0', 'TEST', CURRENT_TIMESTAMP, 'TEST', CURRENT_TIMESTAMP)
,('TTTTTTTT-0000-0000-0002-000000000002', 'AAAAAAAA-0000-0000-0001-000000000002', '基本設計作成'  ,0    ,SUBSTR(CURRENT_DATE,0,9) || '04', SUBSTR(CURRENT_DATE,0,9) || '08', 'メモ', '#FFFFA0', '#00FF00', '#0000FF', '0', 'TEST', CURRENT_TIMESTAMP, 'TEST', CURRENT_TIMESTAMP)
,('TTTTTTTT-0000-0000-0002-000000000003', 'AAAAAAAA-0000-0000-0001-000000000002', '詳細設計作成'  ,0    ,SUBSTR(CURRENT_DATE,0,9) || '07', SUBSTR(CURRENT_DATE,0,9) || '09', 'メモ', '#FFFFA0', '#00FF00', '#0000FF', '0', 'TEST', CURRENT_TIMESTAMP, 'TEST', CURRENT_TIMESTAMP)
,('TTTTTTTT-0000-0000-0003-000000000001', 'AAAAAAAA-0000-0000-0001-000000000003', '要件定義'  ,1        ,SUBSTR(CURRENT_DATE,0,9) || '01', SUBSTR(CURRENT_DATE,0,9) || '03', 'メモ', '#FFFFA0', '#00FF00', '#0000FF', '0', 'TEST', CURRENT_TIMESTAMP, 'TEST', CURRENT_TIMESTAMP)
,('TTTTTTTT-0000-0000-0003-000000000002', 'AAAAAAAA-0000-0000-0001-000000000003', '基本設計作成'  ,0.5    ,SUBSTR(CURRENT_DATE,0,9) || '04', SUBSTR(CURRENT_DATE,0,9) || '08', 'メモ', '#FFFFA0', '#00FF00', '#0000FF', '0', 'TEST', CURRENT_TIMESTAMP, 'TEST', CURRENT_TIMESTAMP)
,('TTTTTTTT-0000-0000-0003-000000000003', 'AAAAAAAA-0000-0000-0001-000000000003', '詳細設計作成'  ,0    ,SUBSTR(CURRENT_DATE,0,9) || '07', SUBSTR(CURRENT_DATE,0,9) || '09', 'メモ', '#FFFFA0', '#00FF00', '#0000FF', '0', 'TEST', CURRENT_TIMESTAMP, 'TEST', CURRENT_TIMESTAMP)
,('TTTTTTTT-0000-0000-0004-000000000001', 'AAAAAAAA-0000-0000-0002-000000000001', '要件定義'  ,1        ,SUBSTR(CURRENT_DATE,0,9) || '01', SUBSTR(CURRENT_DATE,0,9) || '03', 'メモ', '#FFFFA0', '#00FF00', '#0000FF', '0', 'TEST', CURRENT_TIMESTAMP, 'TEST', CURRENT_TIMESTAMP)
,('TTTTTTTT-0000-0000-0004-000000000002', 'AAAAAAAA-0000-0000-0002-000000000001', '基本設計作成'  ,0.5    ,SUBSTR(CURRENT_DATE,0,9) || '04', SUBSTR(CURRENT_DATE,0,9) || '08', 'メモ', '#FFFFA0', '#00FF00', '#0000FF', '0', 'TEST', CURRENT_TIMESTAMP, 'TEST', CURRENT_TIMESTAMP)
,('TTTTTTTT-0000-0000-0004-000000000003', 'AAAAAAAA-0000-0000-0002-000000000001', '詳細設計作成'  ,0    ,SUBSTR(CURRENT_DATE,0,9) || '07', SUBSTR(CURRENT_DATE,0,9) || '09', 'メモ', '#FFFFA0', '#00FF00', '#0000FF', '0', 'TEST', CURRENT_TIMESTAMP, 'TEST', CURRENT_TIMESTAMP)
,('TTTTTTTT-0000-0000-0004-000000000004', 'AAAAAAAA-0000-0000-0002-000000000002', '要件定義'  ,1        ,SUBSTR(CURRENT_DATE,0,9) || '01', SUBSTR(CURRENT_DATE,0,9) || '03', 'メモ', '#FFFFA0', '#00FF00', '#0000FF', '0', 'TEST', CURRENT_TIMESTAMP, 'TEST', CURRENT_TIMESTAMP)
,('TTTTTTTT-0000-0000-0004-000000000005', 'AAAAAAAA-0000-0000-0002-000000000002', '基本設計作成'  ,0.5    ,SUBSTR(CURRENT_DATE,0,9) || '04', SUBSTR(CURRENT_DATE,0,9) || '08', 'メモ', '#FFFFA0', '#00FF00', '#0000FF', '0', 'TEST', CURRENT_TIMESTAMP, 'TEST', CURRENT_TIMESTAMP)
,('TTTTTTTT-0000-0000-0004-000000000006', 'AAAAAAAA-0000-0000-0002-000000000002', '詳細設計作成'  ,0    ,SUBSTR(CURRENT_DATE,0,9) || '07', SUBSTR(CURRENT_DATE,0,9) || '09', 'メモ', '#FFFFA0', '#00FF00', '#0000FF', '0', 'TEST', CURRENT_TIMESTAMP, 'TEST', CURRENT_TIMESTAMP)
;

